ID,lat,lon
1,23.5,-97.75879873
2,23.59991764,-97.74368665
3,23.70077273,-97.73700198
4,23.8018519,-97.73546699
5,23.9029474,-97.73568523
6,24.00402856,-97.73426421
7,24.10496092,-97.7286535
8,24.20562114,-97.71932344
9,24.30600993,-97.70740311
10,24.4060997,-97.69319984
11,24.50563002,-97.6755191
12,24.60433404,-97.65368915
13,24.70219666,-97.62834353
14,24.79930751,-97.60024836
15,24.89579177,-97.57006908
16,24.99131868,-97.53700042
17,25.08499094,-97.49901845
18,25.17646671,-97.45599549
19,25.26663638,-97.410284
20,25.35588357,-97.36280065
21,25.44332599,-97.31208114
22,25.52956678,-97.25932938
23,25.61810768,-97.21059589
24,25.7117588,-97.17279633
25,25.81061503,-97.15229659
26,25.91150465,-97.14684817
27,26.01256043,-97.14916076
28,26.11251175,-97.16369616
29,26.21244059,-97.17887843
30,26.31151056,-97.19879323
31,26.40923313,-97.22466338
32,26.50545281,-97.25561701
33,26.60032465,-97.29053182
34,26.69653042,-97.32157882
35,26.79393855,-97.34856881
36,26.89307579,-97.36823039
37,26.99361274,-97.37835528
38,27.0946544,-97.37735255
39,27.19506829,-97.36602863
40,27.29353015,-97.34333121
41,27.38950697,-97.31167148
42,27.48218127,-97.27135855
43,27.57225589,-97.22546283
44,27.66100852,-97.17708822
45,27.74498303,-97.12088731
46,27.82659013,-97.0612253
47,27.90844771,-97.0019153
48,27.98404,-96.93488935
49,28.05385697,-96.86179536
50,28.11745662,-96.78324375
51,28.17711363,-96.70163877
52,28.2320246,-96.6167662
53,28.27811686,-96.52698188
54,28.32629559,-96.438848
55,28.39340148,-96.36333274
56,28.4520058,-96.28095952
57,28.50358703,-96.19414773
58,28.54628251,-96.10251645
59,28.58539836,-96.00930327
60,28.62135028,-95.91481727
61,28.66127383,-95.82196656
62,28.70797691,-95.73231685
63,28.75532671,-95.64299941
64,28.80227258,-95.55347408
65,28.84297211,-95.46114963
66,28.88555462,-95.36996142
67,28.94778941,-95.29031946
68,29.00951401,-95.21026483
69,29.07037945,-95.12954933
70,29.13294803,-95.05015861
71,29.18615657,-94.96424831
72,29.238069,-94.87749974
73,29.2866261,-94.78884653
74,29.35589706,-94.7192992
75,29.43910573,-94.66705888
76,29.4769004,-94.57343056
77,29.51534935,-94.47994046
78,29.55051367,-94.38515786
79,29.58663984,-94.29073772
80,29.62417914,-94.19687081
81,29.65845642,-94.10179067
82,29.68059641,-94.00333767
83,29.68122411,-93.90231821
84,29.70895021,-93.80551842
85,29.74222929,-93.71021667
86,29.75596368,-93.61010428
87,29.76710745,-93.50962708
88,29.76586278,-93.40876337
89,29.7690566,-93.30830672
90,29.7749061,-93.2079795
91,29.75581661,-93.10873428
92,29.73098874,-93.01075162
93,29.69667958,-92.91570548
94,29.65780334,-92.82238438
95,29.61951775,-92.72883579
96,29.59133178,-92.63180763
97,29.57260118,-92.53249005
98,29.55542535,-92.43288682
99,29.53456907,-92.33399075
100,29.55171665,-92.23620458
101,29.58469123,-92.1411086
102,29.57959607,-92.04084418
103,29.53680267,-91.94971441
104,29.4860336,-91.86260777
105,29.49276603,-91.76530042
106,29.57397098,-91.70602923
107,29.62996067,-91.62496803
108,29.59534092,-91.54081638
109,29.50459852,-91.51769698
110,29.4780712,-91.42030888
111,29.41924744,-91.34084602
112,29.31995641,-91.34051121
113,29.24722879,-91.27848288
114,29.22420358,-91.1805929
115,29.19809206,-91.08386382
116,29.12737027,-91.01281046
117,29.05686657,-90.94162715
118,29.04446548,-90.84279552
119,29.04735975,-90.74178509
120,29.07122818,-90.64377976
121,29.08854235,-90.5453272
122,29.05363205,-90.45070123
123,29.05606565,-90.35073372
124,29.09940267,-90.26228035
125,29.10165015,-90.16678166
126,29.16886568,-90.09138582
127,29.22407286,-90.0068657
128,29.28474284,-89.93119495
129,29.32253089,-89.83778574
130,29.36173324,-89.7446633
131,29.41616535,-89.65974333
132,29.49270937,-89.5943798
133,29.57642842,-89.53786816
134,29.64316765,-89.46223504
135,29.70122439,-89.3795628
136,29.75759081,-89.29608316
137,29.84490732,-89.24608352
138,29.93774021,-89.20612324
139,30.03586877,-89.18490247
140,30.13581006,-89.19853396
141,30.20609257,-89.13387267
142,30.21999697,-89.0347269
143,30.21391184,-88.93553286
144,30.25118679,-88.84337588
145,30.23754798,-88.74329191
146,30.22677761,-88.64283654
147,30.22458831,-88.54204997
148,30.20010912,-88.44539561
149,30.22545962,-88.34770159
150,30.23948322,-88.24758757
151,30.24983973,-88.14703466
152,30.23468959,-88.04886705
153,30.22371836,-87.95042473
154,30.23056227,-87.84981676
155,30.2370862,-87.7491981
156,30.25344353,-87.64943808
157,30.27367772,-87.55040477
158,30.29279771,-87.45114154
159,30.31482318,-87.35254754
160,30.31668701,-87.25216566
161,30.3289574,-87.15184602
162,30.34769721,-87.05252448
163,30.36517797,-86.9529539
164,30.38068463,-86.85305714
165,30.39264637,-86.75268093
166,30.39765258,-86.6517513
167,30.39014954,-86.55097835
168,30.38374873,-86.45009547
169,30.37258304,-86.34965668
170,30.3519616,-86.25072578
171,30.32402887,-86.15357204
172,30.29282222,-86.05742647
173,30.25599289,-85.9632917
174,30.21242313,-85.87210646
175,30.16152972,-85.78478676
176,30.10233384,-85.70287506
177,30.05934502,-85.61155295
178,29.99086079,-85.5377972
179,29.95498433,-85.44573895
180,29.87751297,-85.40882313
181,29.77690089,-85.41555205
182,29.6825073,-85.38407107
183,29.68471805,-85.29028657
184,29.65663692,-85.19507655
185,29.623179,-85.10012912
186,29.59008755,-85.01096744
187,29.63579002,-84.92087028
188,29.67056052,-84.8260346
189,29.7217337,-84.73959222
190,29.78267674,-84.65975914
191,29.81684842,-84.5653576
192,29.8845608,-84.49057521
193,29.89882652,-84.39333103
194,29.94834391,-84.33739497
195,30.0393404,-84.31585763
196,30.06988675,-84.22209244
197,30.08083038,-84.12204665
198,30.09987068,-84.023252
199,30.05601518,-83.93391572
200,29.99859967,-83.85095011
201,29.95831296,-83.75826329
202,29.90934365,-83.67011046
203,29.83105109,-83.60853692
204,29.74100345,-83.56747647
205,29.69912976,-83.47580334
206,29.63682253,-83.39915745
207,29.53688097,-83.38734253
208,29.45647059,-83.32981113
209,29.41615285,-83.23754478
210,29.33851261,-83.1800336
211,29.263884,-83.1235324
212,29.1910847,-83.06525925
213,29.12509916,-83.01970537
214,29.16473508,-82.92678531
215,29.15327936,-82.82911198
216,29.08354878,-82.76512002
217,28.98547852,-82.76016402
218,28.90952108,-82.6950853
219,28.81062338,-82.69914944
220,28.71360441,-82.72059846
221,28.62861915,-82.66674111
222,28.52916372,-82.65941569
223,28.43288323,-82.68960741
224,28.3392685,-82.72765582
225,28.24216364,-82.7536831
226,28.21451558,-82.84796305
227,28.12180273,-82.85130092
228,28.02416667,-82.82613205
229,27.92573312,-82.84502404
230,27.82939729,-82.83211617
231,27.75311872,-82.76600524
232,27.65764368,-82.74522559
233,27.56037275,-82.75720675
234,27.46997165,-82.71201925
235,27.39189594,-82.64837279
236,27.30948981,-82.59024841
237,27.22981615,-82.52829387
238,27.14196899,-82.47931978
239,27.04973358,-82.43825343
240,26.96309757,-82.38616876
241,26.88002777,-82.32885404
242,26.79443606,-82.27625683
243,26.69560346,-82.25586216
244,26.6011554,-82.2211935
245,26.5041728,-82.19350213
246,26.43092125,-82.1276716
247,26.44185291,-82.03249292
248,26.45278777,-81.93874756
249,26.37505863,-81.87493228
250,26.28426648,-81.83119606
251,26.18467636,-81.81518224
252,26.08581096,-81.79761446
253,25.99299258,-81.76008919
254,25.92685431,-81.69616196
255,25.87058991,-81.65253007
256,25.84573881,-81.62286005
257,25.84471264,-81.52298832
258,25.78840747,-81.43948855
259,25.72277212,-81.36737857
260,25.6475291,-81.30335783
261,25.57501722,-81.23437211
262,25.48329234,-81.19200961
263,25.3922163,-81.14907106
264,25.29260017,-81.15996248
265,25.19470406,-81.16019986
266,25.12070035,-81.09170953
267,25.04300916,-81.02722662
268,25.00767372,-80.93397798
269,24.9724434,-80.84051156
270,24.90876762,-80.76248162
271,24.89641655,-80.66434644
272,24.95375269,-80.58219499
273,25.01705656,-80.50341283
274,25.08736613,-80.4308894
275,25.15649782,-80.35842027
276,25.24700905,-80.31362309
277,25.33169162,-80.25842836
278,25.41941954,-80.20821283
279,25.51448374,-80.17493761
280,25.6142455,-80.15869291
281,25.71489891,-80.14942106
282,25.81210653,-80.12252761
283,25.91276009,-80.12117824
284,26.01353743,-80.11465196
285,26.1139731,-80.10313622
286,26.21425121,-80.09053457
287,26.3139558,-80.07390813
288,26.41449024,-80.06331336
289,26.5143183,-80.04764099
290,26.61477584,-80.03763185
291,26.71584362,-80.03527502
292,26.81680624,-80.03748739
293,26.91430641,-80.06367735
294,27.01125865,-80.09212023
295,27.10386362,-80.13252918
296,27.19891495,-80.16652314
297,27.2891759,-80.21199616
298,27.38152044,-80.25311185
299,27.47420631,-80.29336442
300,27.57049789,-80.32409403
301,27.66596737,-80.35724977
302,27.75953913,-80.39550108
303,27.85002542,-80.44051008
304,27.93762427,-80.4909711
305,28.02730266,-80.53758954
306,28.12107789,-80.57516864
307,28.21940652,-80.59816316
308,28.31986862,-80.60933803
309,28.40892541,-80.57383773
310,28.48796355,-80.5221074
311,28.57679967,-80.56857104
312,28.65528053,-80.63227896
313,28.73570365,-80.69352527
314,28.81871388,-80.75118539
315,28.90352018,-80.80619561
316,28.98725992,-80.86282514
317,29.07167422,-80.91845211
318,29.15779922,-80.97134376
319,29.24786327,-81.01722703
320,29.33891279,-81.06116247
321,29.43053319,-81.1038935
322,29.52191553,-81.1471312
323,29.61381849,-81.18922071
324,29.7067625,-81.22896614
325,29.80321501,-81.25732377
326,29.90069411,-81.28151209
327,29.99510922,-81.31693844
328,30.0937339,-81.33914554
329,30.19184877,-81.36349431
330,30.28957724,-81.3891231
331,30.39051197,-81.39200274
332,30.48814733,-81.41656353
333,30.58493615,-81.4436839
334,30.68420421,-81.42634085
335,30.77513871,-81.45996392
336,30.86557015,-81.41538852
337,30.96490516,-81.4061107
338,31.06552808,-81.41272611
339,31.15408599,-81.36981862
340,31.21927476,-81.29299263
341,31.31603085,-81.28457758
342,31.40625595,-81.26461302
343,31.48219636,-81.19867323
344,31.57006429,-81.14871853
345,31.66818729,-81.13130648
346,31.75600081,-81.08812939
347,31.83142826,-81.02087274
348,31.89838186,-80.94534661
349,31.96718253,-80.87231955
350,32.05437576,-80.83218098
351,32.1333094,-80.78209251
352,32.18198384,-80.69486162
353,32.25754413,-80.62812818
354,32.28855059,-80.53281734
355,32.33313541,-80.44664207
356,32.42549443,-80.40832592
357,32.4842544,-80.32635894
358,32.53621006,-80.24020557
359,32.57076759,-80.14548209
360,32.61186486,-80.0539555
361,32.63983411,-79.96837325
362,32.70137428,-79.89605795
363,32.75161509,-79.85471138
364,32.78691758,-79.76461406
365,32.85296499,-79.69213673
366,32.89590376,-79.60201849
367,32.96819374,-79.53391565
368,33.01262108,-79.45128871
369,33.01969442,-79.35626504
370,33.10739045,-79.30863702
371,33.15033117,-79.21746
372,33.23909713,-79.18145565
373,33.33750239,-79.15961655
374,33.43058243,-79.12058919
375,33.51028325,-79.05869666
376,33.58476814,-78.99034655
377,33.6567125,-78.91943871
378,33.72139057,-78.84174717
379,33.77777197,-78.7579885
380,33.81947961,-78.66602013
381,33.84496002,-78.56825399
382,33.87650949,-78.47225545
383,33.90103738,-78.37428211
384,33.91223723,-78.27387725
385,33.90937718,-78.17289688
386,33.90749941,-78.071872
387,33.85321257,-78.00071499
388,33.8970087,-77.95079122
389,33.98706239,-77.90731402
390,34.08159286,-77.87162092
391,34.16908521,-77.82130397
392,34.24730487,-77.75737482
393,34.31795239,-77.68510971
394,34.38247952,-77.60732349
395,34.43829509,-77.52310063
396,34.48562512,-77.43380829
397,34.52723152,-77.34169098
398,34.57911638,-77.25495658
399,34.62373403,-77.16445805
400,34.65114052,-77.06717328
401,34.67351906,-76.9686296
402,34.68835824,-76.86863129
403,34.69553257,-76.76788756
404,34.69615728,-76.66680106
405,34.65939486,-76.57645681
406,34.59201918,-76.51794533
407,34.68036893,-76.46951193
408,34.76225834,-76.41131721
409,34.83440771,-76.34052381
410,34.89533543,-76.25999381
411,34.95853341,-76.1811421
412,35.01961355,-76.10066861
413,35.07140495,-76.01385585
414,35.12071322,-75.92562706
415,35.16197489,-75.83337115
416,35.19318957,-75.73727413
417,35.22915515,-75.6429245
418,35.2180676,-75.54497699
419,35.30101941,-75.51286769
420,35.3986597,-75.48722126
421,35.49877666,-75.47494599
422,35.59842486,-75.46385285
423,35.69719824,-75.48486683
424,35.78537281,-75.53354596
425,35.87611506,-75.5779411
426,35.96460223,-75.62674205
427,36.05135777,-75.67863341
428,36.13799443,-75.73061194
429,36.2304247,-75.77153801
430,36.32467654,-75.8079422
431,36.42160128,-75.83667709
432,36.51967712,-75.8610456
433,36.61743172,-75.88650955
434,36.70940279,-75.92832412
435,36.80420911,-75.96321495
436,36.90168091,-75.98966002
437,37.0022873,-75.98999654
438,37.08952159,-75.94337891
439,37.14617338,-75.8598652
440,37.22848668,-75.80292405
441,37.32178336,-75.76521958
442,37.39153252,-75.69253297
443,37.47906212,-75.66536002
444,37.55730596,-75.60976079
445,37.65160991,-75.58299415
446,37.74689983,-75.55570397
447,37.83049757,-75.49887262
448,37.86013686,-75.41488364
449,37.8954238,-75.33746296
450,37.97931348,-75.28120287
451,38.05835059,-75.21818565
452,38.14808523,-75.17258929
453,38.24229205,-75.13606543
454,38.32872331,-75.08378159
455,38.42404799,-75.05184827
456,38.52487047,-75.05289156
457,38.62554052,-75.06215309
458,38.72391286,-75.08445986
459,38.82310102,-75.08860331
460,38.90079508,-75.0262596
461,38.93413221,-74.93233155
462,38.95335823,-74.83426949
463,39.03047347,-74.77239203
464,39.10043491,-74.70292566
465,39.18222521,-74.67200194
466,39.24872592,-74.5960877
467,39.30879866,-74.5156028
468,39.35321856,-74.42485556
469,39.42070823,-74.35009134
470,39.50074996,-74.28843918
471,39.57904528,-74.22456065
472,39.65999876,-74.16407188
473,39.74055215,-74.10323873
474,39.83932016,-74.08696132
475,39.93906041,-74.07095759
476,40.03777761,-74.04922087
477,40.13564271,-74.02387093
478,40.23273654,-73.99580867
479,40.33117446,-73.97396346
480,40.43058476,-73.98420807
481,40.51814036,-73.9820702
482,40.56104964,-73.8911304
483,40.58145945,-73.79220495
484,40.57786644,-73.69144357
485,40.59374983,-73.59222865
486,40.57572641,-73.50910291
487,40.6198262,-73.41833414
488,40.62288947,-73.31825168
489,40.62952323,-73.21798107
490,40.65119336,-73.11923944
491,40.67731353,-73.02162992
492,40.71244259,-72.92684488
493,40.74300943,-72.8305057
494,40.76990145,-72.73305438
495,40.79591247,-72.63536364
496,40.82323895,-72.5380318
497,40.85160637,-72.44100803
498,40.88507885,-72.34562516
499,40.9210516,-72.25114608
500,40.95679252,-72.1565809
501,40.98936378,-72.06088136
502,41.02159813,-71.96527064
503,41.05482523,-71.87143765
504,41.11797526,-71.79338054
505,41.14495127,-71.6964809
506,41.1470353,-71.59552271
507,41.20392526,-71.55290525
508,41.29751112,-71.52640181
509,41.38154084,-71.47091867
510,41.4518607,-71.40831321
511,41.45203906,-71.30789373
512,41.46425579,-71.21478036
513,41.47800991,-71.11851318
514,41.47505871,-71.02091929
515,41.40770881,-70.94576408
516,41.35993757,-70.85680536
517,41.30161926,-70.77589424
518,41.3525909,-70.69058525
519,41.34901561,-70.59005525
520,41.34960855,-70.48905566
521,41.35159102,-70.38807096
522,41.32114702,-70.29297423
523,41.2667314,-70.20814076
524,41.24148718,-70.11061197
525,41.2390203,-70.00963525
526,41.30604177,-69.96566973
527,41.37733505,-70.03548716
528,41.46680904,-70.04434106
529,41.55163211,-69.98942025
530,41.64186489,-69.94446359
531,41.74151997,-69.93099171
532,41.84124156,-69.946243
533,41.93588357,-69.98136056
534,42.02018915,-70.03640946
535,42.06920849,-70.12341006
536,42.07682862,-70.2237381
537,42.06377976,-70.32394959
538,42.04826881,-70.42384011
539,42.04430961,-70.52469011
540,42.07158286,-70.6211975
541,42.14309726,-70.69024515
542,42.23156892,-70.73674719
543,42.27666825,-70.82630036
544,42.33995649,-70.90029317
545,42.4373389,-70.89334326
546,42.50340184,-70.81791812
547,42.55024251,-70.72841481
548,42.59216129,-70.63642849
549,42.67068024,-70.60527377
550,42.70176927,-70.69593452
551,42.72298162,-70.78766456
552,42.82113417,-70.80919967
553,42.92094867,-70.80348078
554,43.0046615,-70.74797496
555,43.071934,-70.672621
556,43.14390617,-70.60219362
557,43.23972613,-70.574751
558,43.33227917,-70.54362761
559,43.34370118,-70.44470954
560,43.4138959,-70.37648727
561,43.49227186,-70.32377036
562,43.53511823,-70.2506699
563,43.58740847,-70.16671301
564,43.63117027,-70.0756394
565,43.69150303,-69.99504835
566,43.71986486,-69.90395742
567,43.7160943,-69.80622343
568,43.76040074,-69.71558711
569,43.80004689,-69.62288013
570,43.83065223,-69.52727487
571,43.84319445,-69.42696404
572,43.8553422,-69.32660274
573,43.89723743,-69.23753314
574,43.96161055,-69.15993727
575,43.99779227,-69.06600707
576,44.01808401,-68.96699526
577,44.02518892,-68.86630323
578,44.01290875,-68.76602734
579,44.00311683,-68.66553476
580,44.03999089,-68.57548688
581,44.0987573,-68.49568798
582,44.09311634,-68.39516679
583,44.13837866,-68.33496567
584,44.22885024,-68.30898911
585,44.22964891,-68.2088682
586,44.31843802,-68.18274622
587,44.32636102,-68.08352279
588,44.37352283,-67.99800041
589,44.39374413,-67.90139467
590,44.45142267,-67.81981095
591,44.4751388,-67.72596167
592,44.45084651,-67.62788163
593,44.4713287,-67.53183371
594,44.56103964,-67.49006448
595,44.59510105,-67.39788814
596,44.5991547,-67.2969418
597,44.63527623,-67.20330913
598,44.69968133,-67.12553809
599,44.75527382,-67.0412506
600,44.81361149,-66.95928838
601,44.76172506,-66.88105627
602,44.66433261,-66.8734762
603,44.57145461,-66.91244494
604,44.47858989,-66.88213649
605,44.41604763,-66.80323275
606,44.36970231,-66.71344501
607,44.33004513,-66.62046071
608,44.29250393,-66.52659385
609,44.25369632,-66.43324814
610,44.20945139,-66.34238946
611,44.15126128,-66.26004361
612,44.06716012,-66.20603229
613,43.96735699,-66.19166692
614,43.86651347,-66.1849373
615,43.77012225,-66.15644994
616,43.69121778,-66.09405733
617,43.63471401,-66.0106201
618,43.59743988,-65.91670991
619,43.55664633,-65.82437722
620,43.49304278,-65.74617647
621,43.42210484,-65.67419063
622,43.38675096,-65.58304769
623,43.43069034,-65.49320606
624,43.49702527,-65.41697606
625,43.56556302,-65.34266709
626,43.62656277,-65.26220016
627,43.66989248,-65.17104547
628,43.70042606,-65.07469242
629,43.73275601,-64.97896023
630,43.7810661,-64.89034317
631,43.84304328,-64.81055752
632,43.9123221,-64.73695687
633,43.98459036,-64.66626473
634,44.05622586,-64.59493874
635,44.12233305,-64.51852212
636,44.17708426,-64.43364593
637,44.22421779,-64.34421419
638,44.27442734,-64.25651136
639,44.33545249,-64.17600487
640,44.40112301,-64.09914627
641,44.45903,-64.01645687
642,44.49017331,-63.92101093
643,44.48236725,-63.82057086
644,44.46023463,-63.72193267
645,44.44827953,-63.62182217
646,44.48684099,-63.53127486
647,44.5664765,-63.46912378
648,44.63104002,-63.39244043
649,44.66094099,-63.29629658
650,44.6696215,-63.19564748
651,44.67141872,-63.09456894
652,44.67755956,-62.99369503
653,44.69297362,-62.89381248
654,44.71546907,-62.79526473
655,44.74231977,-62.69780546
656,44.77200313,-62.60116788
657,44.80327067,-62.50502937
658,44.83495798,-62.40902794
659,44.86656001,-62.31299838
660,44.89844123,-62.21706127
661,44.93102931,-62.12136225
662,44.96474632,-62.02605559
663,45,-61.93130721
664,41.5,-69.8871642
665,41.5,-69.75140964
666,41.5,-69.61565508
667,41.5,-69.47990052
668,41.5,-69.34414596
669,41.5,-69.2083914
670,41.5,-69.07263683
671,41.5,-68.93688227
672,41.5,-68.80112771
673,41.5,-68.66537315
674,41.5,-68.52961859
675,41.5,-68.39386403
676,41.5,-68.25810947
677,41.5,-68.12235491
678,41.5,-67.98660035
679,41.5,-67.85084578
680,41.5,-67.71509122
681,41.5,-67.57933666
682,41.5,-67.4435821
683,41.5,-67.30782754
684,41.5,-67.17207298
685,41.5,-67.03631842
686,41.5,-66.90056386
687,41.5,-66.7648093
688,41.5,-66.62905473
689,41.5,-66.49330017
690,41.5,-66.35754561
691,41.5,-66.22179105
692,41.5,-66.08603649
693,41.5,-65.95028193
694,41.5,-65.81452737
695,41.5,-65.67877281
696,41.5,-65.54301824
697,41.5,-65.40726368
698,41.5,-65.27150912
699,41.5,-65.13575456
700,41.5,-65
701,39,-74.6683624
702,39,-74.54012466
703,39,-74.41188692
704,39,-74.28364918
705,39,-74.15541144
706,39,-74.02717371
707,39,-73.89893597
708,39,-73.77069823
709,39,-73.64246049
710,39,-73.51422275
711,39,-73.38598501
712,39,-73.25774728
713,39,-73.12950954
714,39,-73.0012718
715,39,-72.87303406
716,39,-72.74479632
717,39,-72.61655858
718,39,-72.48832085
719,39,-72.36008311
720,39,-72.23184537
721,39,-72.10360763
722,39,-71.97536989
723,39,-71.84713215
724,39,-71.71889441
725,39,-71.59065668
726,39,-71.46241894
727,39,-71.3341812
728,39,-71.20594346
729,39,-71.07770572
730,39,-70.94946798
731,39,-70.82123025
732,39,-70.69299251
733,39,-70.56475477
734,39,-70.43651703
735,39,-70.30827929
736,39,-70.18004155
737,39,-70.05180381
738,39,-69.92356608
739,39,-69.79532834
740,39,-69.6670906
741,39,-69.53885286
742,39,-69.41061512
743,39,-69.28237738
744,39,-69.15413965
745,39,-69.02590191
746,39,-68.89766417
747,39,-68.76942643
748,39,-68.64118869
749,39,-68.51295095
750,39,-68.38471322
751,39,-68.25647548
752,39,-68.12823774
753,39,-68
754,36.5,-75.73181994
755,36.5,-75.60751917
756,36.5,-75.4832184
757,36.5,-75.35891764
758,36.5,-75.23461687
759,36.5,-75.1103161
760,36.5,-74.98601534
761,36.5,-74.86171457
762,36.5,-74.7374138
763,36.5,-74.61311303
764,36.5,-74.48881227
765,36.5,-74.3645115
766,36.5,-74.24021073
767,36.5,-74.11590997
768,36.5,-73.9916092
769,36.5,-73.86730843
770,36.5,-73.74300767
771,36.5,-73.6187069
772,36.5,-73.49440613
773,36.5,-73.37010537
774,36.5,-73.2458046
775,36.5,-73.12150383
776,36.5,-72.99720307
777,36.5,-72.8729023
778,36.5,-72.74860153
779,36.5,-72.62430077
780,36.5,-72.5
781,18.23,-72
782,18.23,-71.90601504
783,18.23,-71.81203008
784,18.23,-71.71804511
785,18.23,-71.62406015
786,18.23,-71.53007519
787,18.23,-71.43609023
788,18.23,-71.34210526
789,18.23,-71.2481203
790,18.23,-71.15413534
791,18.23,-71.06015038
792,18.23,-70.96616541
793,18.23,-70.87218045
794,18.23,-70.77819549
795,18.23,-70.68421053
796,18.23,-70.59022556
797,18.23,-70.4962406
798,18.23,-70.40225564
799,18.23,-70.30827068
800,18.23,-70.21428571
801,18.23,-70.12030075
802,18.23,-70.02631579
803,18.23,-69.93233083
804,18.23,-69.83834586
805,18.23,-69.7443609
806,18.23,-69.65037594
807,18.23,-69.55639098
808,18.23,-69.46240602
809,18.23,-69.36842105
810,18.23,-69.27443609
811,18.23,-69.18045113
812,18.23,-69.08646617
813,18.23,-68.9924812
814,18.23,-68.89849624
815,18.23,-68.80451128
816,18.23,-68.71052632
817,18.23,-68.61654135
818,18.23,-68.52255639
819,18.23,-68.42857143
820,18.23,-68.33458647
821,18.23,-68.2406015
822,18.23,-68.14661654
823,18.23,-68.05263158
824,18.23,-67.95864662
825,18.23,-67.86466165
826,18.23,-67.77067669
827,18.23,-67.67669173
828,18.23,-67.58270677
829,18.23,-67.4887218
830,18.23,-67.39473684
831,18.23,-67.30075188
832,18.23,-67.20676692
833,18.23,-67.11278195
834,18.23,-67.01879699
835,18.23,-66.92481203
836,18.23,-66.83082707
837,18.23,-66.73684211
838,18.23,-66.64285714
839,18.23,-66.54887218
840,18.23,-66.45488722
841,18.23,-66.36090226
842,18.23,-66.26691729
843,18.23,-66.17293233
844,18.23,-66.07894737
845,18.23,-65.98496241
846,18.23,-65.89097744
847,18.23,-65.79699248
848,18.23,-65.70300752
849,18.23,-65.60902256
850,18.23,-65.51503759
851,18.23,-65.42105263
852,18.23,-65.32706767
853,18.23,-65.23308271
854,18.23,-65.13909774
855,18.23,-65.04511278
856,18.23,-64.95112782
857,18.23,-64.85714286
858,18.23,-64.76315789
859,18.23,-64.66917293
860,18.23,-64.57518797
861,18.23,-64.48120301
862,18.23,-64.38721805
863,18.23,-64.29323308
864,18.23,-64.19924812
865,18.23,-64.10526316
866,18.23,-64.0112782
867,18.23,-63.91729323
868,18.23,-63.82330827
869,18.23,-63.72932331
870,18.23,-63.63533835
871,18.23,-63.54135338
872,18.23,-63.44736842
873,18.23,-63.35338346
874,18.23,-63.2593985
875,18.23,-63.16541353
876,18.23,-63.07142857
877,18.23,-62.97744361
878,18.23,-62.88345865
879,18.23,-62.78947368
880,18.23,-62.69548872
881,18.23,-62.60150376
882,18.23,-62.5075188
883,18.23,-62.41353383
884,18.23,-62.31954887
885,18.23,-62.22556391
886,18.23,-62.13157895
887,18.23,-62.03759398
888,18.23,-61.94360902
889,18.23,-61.84962406
890,18.23,-61.7556391
891,18.23,-61.66165414
892,18.23,-61.56766917
893,18.23,-61.47368421
894,18.23,-61.37969925
895,18.23,-61.28571429
896,18.23,-61.19172932
897,18.23,-61.09774436
898,18.23,-61.0037594
899,18.23,-60.90977444
900,18.23,-60.81578947
901,18.23,-60.72180451
902,18.23,-60.62781955
903,18.23,-60.53383459
904,18.23,-60.43984962
905,18.23,-60.34586466
906,18.23,-60.2518797
907,18.23,-60.15789474
908,18.23,-60.06390977
909,18.23,-59.96992481
910,18.23,-59.87593985
911,18.23,-59.78195489
912,18.23,-59.68796992
913,18.23,-59.59398496
914,18.23,-59.5
915,20,-65.59
916,19.91111111,-65.59
917,19.82222222,-65.59
918,19.73333333,-65.59
919,19.64444444,-65.59
920,19.55555556,-65.59
921,19.46666667,-65.59
922,19.37777778,-65.59
923,19.28888889,-65.59
924,19.2,-65.59
925,19.11111111,-65.59
926,19.02222222,-65.59
927,18.93333333,-65.59
928,18.84444444,-65.59
929,18.75555556,-65.59
930,18.66666667,-65.59
931,18.57777778,-65.59
932,18.48888889,-65.59
933,18.4,-65.59
934,18.31111111,-65.59
935,18.22222222,-65.59
936,18.13333333,-65.59
937,18.04444444,-65.59
938,17.95555556,-65.59
939,17.86666667,-65.59
940,17.77777778,-65.59
941,17.68888889,-65.59
942,17.6,-65.59
943,17.51111111,-65.59
944,17.42222222,-65.59
945,17.33333333,-65.59
946,17.24444444,-65.59
947,17.15555556,-65.59
948,17.06666667,-65.59
949,16.97777778,-65.59
950,16.88888889,-65.59
951,16.8,-65.59
952,16.71111111,-65.59
953,16.62222222,-65.59
954,16.53333333,-65.59
955,16.44444444,-65.59
956,16.35555556,-65.59
957,16.26666667,-65.59
958,16.17777778,-65.59
959,16.08888889,-65.59
960,16,-65.59
961,24.89641655,-83.5
962,24.89641655,-83.40625
963,24.89641655,-83.3125
964,24.89641655,-83.21875
965,24.89641655,-83.125
966,24.89641655,-83.03125
967,24.89641655,-82.9375
968,24.89641655,-82.84375
969,24.89641655,-82.75
970,24.89641655,-82.65625
971,24.89641655,-82.5625
972,24.89641655,-82.46875
973,24.89641655,-82.375
974,24.89641655,-82.28125
975,24.89641655,-82.1875
976,24.89641655,-82.09375
977,24.89641655,-82
978,24.89641655,-81.90625
979,24.89641655,-81.8125
980,24.89641655,-81.71875
981,24.89641655,-81.625
982,24.89641655,-81.53125
983,24.89641655,-81.4375
984,24.89641655,-81.34375
985,24.89641655,-81.25
986,24.89641655,-81.15625
987,24.89641655,-81.0625
988,24.89641655,-80.96875
989,24.89641655,-80.875
990,24.89641655,-80.78125
991,24.89641655,-80.6875
992,24.89641655,-80.59375
993,24.89641655,-80.5
994,24.89641655,-80.40625
995,24.89641655,-80.3125
996,24.89641655,-80.21875
997,24.89641655,-80.125
998,24.89641655,-80.03125
999,24.89641655,-79.9375
1000,24.89641655,-79.84375
1001,24.89641655,-79.75
1002,24.89641655,-79.65625
1003,24.89641655,-79.5625
1004,24.89641655,-79.46875
1005,24.89641655,-79.375
1006,24.89641655,-79.28125
1007,24.89641655,-79.1875
1008,24.89641655,-79.09375
1009,24.89641655,-79
1010,24.89641655,-78.90625
1011,24.89641655,-78.8125
1012,24.89641655,-78.71875
1013,24.89641655,-78.625
1014,24.89641655,-78.53125
1015,24.89641655,-78.4375
1016,24.89641655,-78.34375
1017,24.89641655,-78.25
1018,24.89641655,-78.15625
1019,24.89641655,-78.0625
1020,24.89641655,-77.96875
1021,24.89641655,-77.875
1022,24.89641655,-77.78125
1023,24.89641655,-77.6875
1024,24.89641655,-77.59375
1025,24.89641655,-77.5
