original_index,X0,X1,X2,X3,X4,X5,X6,X7,X8,X9
8,9.0,1.0,2.0,28.94261892087699,-95.29693614627733,-80.0,148.0,16.7,38.2,1.44
9,10.0,1.0,2.0,28.94261892087699,-95.29693614627733,-80.0,128.0,9.4,13.5,1.45
10,11.0,1.0,2.0,28.94261892087699,-95.29693614627733,-80.0,108.0,50.6,16.0,0.97
11,12.0,1.0,2.0,28.94261892087699,-95.29693614627733,-80.0,88.0,46.8,18.9,1.07
12,13.0,1.0,2.0,28.94261892087699,-95.29693614627733,-80.0,68.0,50.9,8.9,1.47
13,14.0,1.0,2.0,28.94261892087699,-95.29693614627733,-80.0,48.0,41.4,17.2,1.11
14,15.0,1.0,2.0,28.94261892087699,-95.29693614627733,-80.0,28.0,21.6,17.9,1.38
15,16.0,1.0,2.0,28.94261892087699,-95.29693614627733,-80.0,8.0,82.5,20.1,1.1
17,18.0,1.0,3.0,29.39739502253067,-94.69324582574274,-80.0,128.0,22.1,26.7,1.63
18,19.0,1.0,3.0,29.39739502253067,-94.69324582574274,-80.0,108.0,30.3,9.4,1.46
19,20.0,1.0,3.0,29.39739502253067,-94.69324582574274,-80.0,88.0,18.9,31.9,1.5
22,23.0,1.0,3.0,29.39739502253067,-94.69324582574274,-80.0,28.0,16.6,8.6,1.52
23,24.0,1.0,3.0,29.39739502253067,-94.69324582574274,-80.0,8.0,104.9,22.7,0.67
24,25.0,1.0,4.0,29.2175197493385,-90.01689826914148,-80.0,148.0,11.2,20.1,1.65
27,28.0,1.0,4.0,29.2175197493385,-90.01689826914148,-80.0,88.0,78.3,12.4,1.02
28,29.0,1.0,4.0,29.2175197493385,-90.01689826914148,-80.0,68.0,49.1,32.4,1.48
29,30.0,1.0,4.0,29.2175197493385,-90.01689826914148,-80.0,48.0,21.1,15.9,1.62
30,31.0,1.0,4.0,29.2175197493385,-90.01689826914148,-80.0,28.0,94.8,21.8,0.82
31,32.0,1.0,4.0,29.2175197493385,-90.01689826914148,-80.0,8.0,66.5,9.6,1.21
33,34.0,1.0,5.0,29.673554873852307,-89.41896392017266,-80.0,128.0,29.0,33.5,1.43
34,35.0,1.0,5.0,29.673554873852307,-89.41896392017266,-80.0,108.0,33.2,21.2,1.35
35,36.0,1.0,5.0,29.673554873852307,-89.41896392017266,-80.0,88.0,21.8,15.8,1.39
36,37.0,1.0,5.0,29.673554873852307,-89.41896392017266,-80.0,68.0,91.9,17.3,1.05
38,39.0,1.0,5.0,29.673554873852307,-89.41896392017266,-80.0,28.0,35.2,8.3,1.36
39,40.0,1.0,5.0,29.673554873852307,-89.41896392017266,-80.0,8.0,61.8,24.4,1.07
40,41.0,1.0,6.0,30.17818909512369,-89.15954441655389,-80.0,148.0,16.3,11.7,1.6
42,43.0,1.0,6.0,30.17818909512369,-89.15954441655389,-80.0,108.0,53.7,24.5,0.93
43,44.0,1.0,6.0,30.17818909512369,-89.15954441655389,-80.0,88.0,64.5,14.8,0.99
44,45.0,1.0,6.0,30.17818909512369,-89.15954441655389,-80.0,68.0,32.6,11.4,1.21
45,46.0,1.0,6.0,30.17818909512369,-89.15954441655389,-80.0,48.0,43.1,31.5,1.28
47,48.0,1.0,6.0,30.17818909512369,-89.15954441655389,-80.0,8.0,115.6,14.3,0.72
54,55.0,1.0,7.0,29.02495087445601,-95.1897935348654,-60.0,18.0,60.4,8.8,0.94
58,59.0,1.0,8.0,29.381491636569713,-94.70323033875509,-60.0,78.0,41.4,19.5,1.14
65,66.0,1.0,9.0,29.668516393943207,-94.05705557666181,-60.0,78.0,82.2,14.9,1.32
69,70.0,1.0,10.0,29.719171111971683,-92.97801342492971,-60.0,138.0,24.8,9.9,1.31
70,71.0,1.0,10.0,29.719171111971683,-92.97801342492971,-60.0,118.0,21.8,32.5,1.42
71,72.0,1.0,10.0,29.719171111971683,-92.97801342492971,-60.0,98.0,18.0,17.8,1.35
72,73.0,1.0,10.0,29.719171111971683,-92.97801342492971,-60.0,78.0,28.6,9.0,1.39
73,74.0,1.0,10.0,29.719171111971683,-92.97801342492971,-60.0,58.0,50.0,10.7,1.44
74,75.0,1.0,10.0,29.719171111971683,-92.97801342492971,-60.0,38.0,83.0,18.1,1.17
75,76.0,1.0,10.0,29.719171111971683,-92.97801342492971,-60.0,18.0,20.7,11.2,1.26
76,77.0,1.0,11.0,29.05386872660006,-90.44097904253621,-60.0,138.0,20.7,25.1,1.49
77,78.0,1.0,11.0,29.05386872660006,-90.44097904253621,-60.0,118.0,24.5,17.0,1.65
78,79.0,1.0,11.0,29.05386872660006,-90.44097904253621,-60.0,98.0,38.4,26.8,1.58
79,80.0,1.0,11.0,29.05386872660006,-90.44097904253621,-60.0,78.0,88.9,17.3,1.26
80,81.0,1.0,11.0,29.05386872660006,-90.44097904253621,-60.0,58.0,22.6,17.8,1.39
81,82.0,1.0,11.0,29.05386872660006,-90.44097904253621,-60.0,38.0,53.4,11.4,1.05
82,83.0,1.0,11.0,29.05386872660006,-90.44097904253621,-60.0,18.0,87.1,27.8,0.75
85,86.0,1.0,12.0,29.340473943363833,-89.79516326488191,-60.0,98.0,26.7,23.1,1.54
86,87.0,1.0,12.0,29.340473943363833,-89.79516326488191,-60.0,78.0,77.2,16.8,1.24
87,88.0,1.0,12.0,29.340473943363833,-89.79516326488191,-60.0,58.0,41.6,25.1,1.5
88,89.0,1.0,12.0,29.340473943363833,-89.79516326488191,-60.0,38.0,37.0,10.3,1.26
89,90.0,1.0,12.0,29.340473943363833,-89.79516326488191,-60.0,18.0,102.7,20.3,0.77
92,93.0,1.0,13.0,29.72609275534608,-89.34273231920886,-60.0,98.0,51.2,15.1,0.94
95,96.0,1.0,13.0,29.72609275534608,-89.34273231920886,-60.0,38.0,27.0,20.2,1.5
97,98.0,1.0,14.0,30.210605513108582,-89.10169300548739,-60.0,138.0,17.7,18.4,1.49
101,102.0,1.0,14.0,30.210605513108582,-89.10169300548739,-60.0,58.0,109.6,23.6,0.91
102,103.0,1.0,14.0,30.210605513108582,-89.10169300548739,-60.0,38.0,61.8,22.6,1.1
103,104.0,1.0,14.0,30.210605513108582,-89.10169300548739,-60.0,18.0,62.6,16.4,0.94
105,106.0,1.0,15.0,30.22808803322403,-87.88618890777089,-60.0,118.0,12.3,21.1,1.44
106,107.0,1.0,15.0,30.22808803322403,-87.88618890777089,-60.0,98.0,33.7,10.7,1.28
107,108.0,1.0,15.0,30.22808803322403,-87.88618890777089,-60.0,78.0,21.7,26.8,1.28
108,109.0,1.0,15.0,30.22808803322403,-87.88618890777089,-60.0,58.0,101.2,19.9,0.99
110,111.0,1.0,15.0,30.22808803322403,-87.88618890777089,-60.0,18.0,127.9,17.3,0.89
121,122.0,1.0,17.0,29.057251139818465,-95.14695917631518,-40.0,88.0,61.4,18.4,1.08
130,131.0,1.0,18.0,29.394704676881204,-94.69493488687795,-40.0,68.0,60.8,35.9,1.04
131,132.0,1.0,18.0,29.394704676881204,-94.69493488687795,-40.0,48.0,74.9,10.1,0.91
132,133.0,1.0,18.0,29.394704676881204,-94.69493488687795,-40.0,28.0,48.1,20.0,1.15
137,138.0,1.0,19.0,29.640797797714487,-94.15077310141798,-40.0,88.0,54.1,15.3,0.96
138,139.0,1.0,19.0,29.640797797714487,-94.15077310141798,-40.0,68.0,65.5,10.6,0.98
145,146.0,1.0,20.0,29.766952439439766,-93.49706552479942,-40.0,88.0,48.5,26.8,1.04
147,148.0,1.0,20.0,29.766952439439766,-93.49706552479942,-40.0,48.0,88.2,12.5,1.18
148,149.0,1.0,20.0,29.766952439439766,-93.49706552479942,-40.0,28.0,56.1,9.3,0.92
150,151.0,1.0,21.0,29.574824952440338,-92.5442814267995,-40.0,148.0,23.5,50.0,1.44
151,152.0,1.0,21.0,29.574824952440338,-92.5442814267995,-40.0,128.0,13.9,23.0,1.44
154,155.0,1.0,21.0,29.574824952440338,-92.5442814267995,-40.0,68.0,14.9,34.0,1.27
155,156.0,1.0,21.0,29.574824952440338,-92.5442814267995,-40.0,48.0,72.1,24.2,1.06
157,158.0,1.0,21.0,29.574824952440338,-92.5442814267995,-40.0,8.0,74.0,14.6,0.94
158,159.0,1.0,22.0,29.545005580062117,-91.72717097045887,-40.0,148.0,10.9,36.7,1.47
159,160.0,1.0,22.0,29.545005580062117,-91.72717097045887,-40.0,128.0,37.5,31.2,1.37
160,161.0,1.0,22.0,29.545005580062117,-91.72717097045887,-40.0,108.0,17.0,38.9,1.35
161,162.0,1.0,22.0,29.545005580062117,-91.72717097045887,-40.0,88.0,25.8,13.3,1.65
162,163.0,1.0,22.0,29.545005580062117,-91.72717097045887,-40.0,68.0,13.7,26.8,1.33
163,164.0,1.0,22.0,29.545005580062117,-91.72717097045887,-40.0,48.0,69.5,10.9,1.07
164,165.0,1.0,22.0,29.545005580062117,-91.72717097045887,-40.0,28.0,64.9,24.7,0.95
165,166.0,1.0,22.0,29.545005580062117,-91.72717097045887,-40.0,8.0,19.8,13.6,1.18
168,169.0,1.0,23.0,29.065200491974476,-90.48205801519704,-40.0,108.0,26.7,10.4,1.57
170,171.0,1.0,23.0,29.065200491974476,-90.48205801519704,-40.0,68.0,54.6,11.8,1.3
171,172.0,1.0,23.0,29.065200491974476,-90.48205801519704,-40.0,48.0,60.1,16.8,1.06
172,173.0,1.0,23.0,29.065200491974476,-90.48205801519704,-40.0,28.0,133.7,20.5,0.98
174,175.0,1.0,24.0,29.290762766076778,-89.91631414023635,-40.0,148.0,12.6,17.0,1.54
177,178.0,1.0,24.0,29.290762766076778,-89.91631414023635,-40.0,88.0,72.4,14.3,0.99
180,181.0,1.0,24.0,29.290762766076778,-89.91631414023635,-40.0,28.0,50.0,17.5,0.97
181,182.0,1.0,24.0,29.290762766076778,-89.91631414023635,-40.0,8.0,109.9,18.0,0.92
183,184.0,1.0,25.0,29.64184969201149,-89.46372863187537,-40.0,128.0,28.0,24.4,1.48
184,185.0,1.0,25.0,29.64184969201149,-89.46372863187537,-40.0,108.0,14.2,13.9,1.38
186,187.0,1.0,25.0,29.64184969201149,-89.46372863187537,-40.0,68.0,41.1,28.7,1.13
187,188.0,1.0,25.0,29.64184969201149,-89.46372863187537,-40.0,48.0,119.0,19.2,1.03
188,189.0,1.0,25.0,29.64184969201149,-89.46372863187537,-40.0,28.0,23.3,32.8,1.39
189,190.0,1.0,25.0,29.64184969201149,-89.46372863187537,-40.0,8.0,100.4,11.8,1.04
190,191.0,1.0,26.0,30.16512370501349,-89.17156483315831,-40.0,148.0,21.6,22.8,1.33
191,192.0,1.0,26.0,30.16512370501349,-89.17156483315831,-40.0,128.0,32.4,14.0,1.27
192,193.0,1.0,26.0,30.16512370501349,-89.17156483315831,-40.0,108.0,25.1,30.5,1.46
193,194.0,1.0,26.0,30.16512370501349,-89.17156483315831,-40.0,88.0,14.2,24.5,1.5
194,195.0,1.0,26.0,30.16512370501349,-89.17156483315831,-40.0,68.0,35.4,14.0,1.31
195,196.0,1.0,26.0,30.16512370501349,-89.17156483315831,-40.0,48.0,109.8,15.0,0.85
196,197.0,1.0,26.0,30.16512370501349,-89.17156483315831,-40.0,28.0,46.2,27.7,1.24
197,198.0,1.0,26.0,30.16512370501349,-89.17156483315831,-40.0,8.0,89.0,21.3,0.86
199,200.0,1.0,27.0,30.208561846848813,-88.41282108942436,-40.0,128.0,13.4,32.3,1.68
200,201.0,1.0,27.0,30.208561846848813,-88.41282108942436,-40.0,108.0,31.2,22.5,1.19
201,202.0,1.0,27.0,30.208561846848813,-88.41282108942436,-40.0,88.0,15.1,17.3,1.42
202,203.0,1.0,27.0,30.208561846848813,-88.41282108942436,-40.0,68.0,63.1,22.4,1.4
203,204.0,1.0,27.0,30.208561846848813,-88.41282108942436,-40.0,48.0,30.1,9.7,1.37
205,206.0,1.0,27.0,30.208561846848813,-88.41282108942436,-40.0,8.0,59.6,19.0,1.02
225,226.0,1.0,30.0,28.89006624106704,-95.36418789417495,-20.0,78.0,66.5,9.9,1.13
228,229.0,1.0,30.0,28.89006624106704,-95.36418789417495,-20.0,18.0,107.6,19.8,0.84
233,234.0,1.0,31.0,29.23947424102582,-94.87493412474119,-20.0,58.0,57.7,22.2,1.3
234,235.0,1.0,31.0,29.23947424102582,-94.87493412474119,-20.0,38.0,51.4,13.7,1.08
236,237.0,1.0,32.0,29.5554412870186,-94.37227894219896,-20.0,138.0,29.1,29.2,1.47
245,246.0,1.0,33.0,29.710764928005112,-93.80032157796781,-20.0,98.0,29.5,11.2,1.49
247,248.0,1.0,33.0,29.710764928005112,-93.80032157796781,-20.0,58.0,51.9,18.8,1.28
252,253.0,1.0,34.0,29.771574553979043,-93.1906589787393,-20.0,98.0,62.9,27.7,1.04
254,255.0,1.0,34.0,29.771574553979043,-93.1906589787393,-20.0,58.0,40.0,9.5,1.22
255,256.0,1.0,34.0,29.771574553979043,-93.1906589787393,-20.0,38.0,38.7,19.6,1.46
262,263.0,1.0,35.0,29.560886311928385,-92.46455511814234,-20.0,38.0,71.4,20.7,1.01
265,266.0,1.0,36.0,29.490813046563094,-91.79352793571707,-20.0,118.0,14.0,11.1,1.36
266,267.0,1.0,36.0,29.490813046563094,-91.79352793571707,-20.0,98.0,49.1,9.3,0.94
267,268.0,1.0,36.0,29.490813046563094,-91.79352793571707,-20.0,78.0,54.6,18.9,1.36
268,269.0,1.0,36.0,29.490813046563094,-91.79352793571707,-20.0,58.0,18.5,14.5,1.63
269,270.0,1.0,36.0,29.490813046563094,-91.79352793571707,-20.0,38.0,42.2,15.8,1.24
270,271.0,1.0,36.0,29.490813046563094,-91.79352793571707,-20.0,18.0,77.8,9.1,1.15
274,275.0,1.0,37.0,29.09857516048018,-90.98373778994785,-20.0,78.0,52.7,10.3,1.2
275,276.0,1.0,37.0,29.09857516048018,-90.98373778994785,-20.0,58.0,85.3,19.3,1.05
276,277.0,1.0,37.0,29.09857516048018,-90.98373778994785,-20.0,38.0,49.5,14.1,1.15
277,278.0,1.0,37.0,29.09857516048018,-90.98373778994785,-20.0,18.0,58.2,31.4,1.1
280,281.0,1.0,38.0,29.064111410271206,-90.33431186643692,-20.0,98.0,67.8,29.5,1.05
281,282.0,1.0,38.0,29.064111410271206,-90.33431186643692,-20.0,78.0,40.0,12.1,1.17
282,283.0,1.0,38.0,29.064111410271206,-90.33431186643692,-20.0,58.0,31.0,32.7,1.23
283,284.0,1.0,38.0,29.064111410271206,-90.33431186643692,-20.0,38.0,40.4,26.6,1.43
284,285.0,1.0,38.0,29.064111410271206,-90.33431186643692,-20.0,18.0,80.7,18.2,1.18
286,287.0,1.0,39.0,29.33776777110762,-89.8015915874748,-20.0,118.0,15.7,15.9,1.71
287,288.0,1.0,39.0,29.33776777110762,-89.8015915874748,-20.0,98.0,47.3,9.8,0.98
289,290.0,1.0,39.0,29.33776777110762,-89.8015915874748,-20.0,58.0,81.5,21.0,0.94
291,292.0,1.0,39.0,29.33776777110762,-89.8015915874748,-20.0,18.0,98.3,24.5,0.85
292,293.0,1.0,40.0,29.73772513789312,-89.32550456278253,-20.0,138.0,16.8,19.6,1.38
293,294.0,1.0,40.0,29.73772513789312,-89.32550456278253,-20.0,118.0,14.6,23.8,1.73
294,295.0,1.0,40.0,29.73772513789312,-89.32550456278253,-20.0,98.0,30.5,32.9,1.21
296,297.0,1.0,40.0,29.73772513789312,-89.32550456278253,-20.0,58.0,74.8,12.4,1.1
297,298.0,1.0,40.0,29.73772513789312,-89.32550456278253,-20.0,38.0,68.8,27.7,1.05
298,299.0,1.0,40.0,29.73772513789312,-89.32550456278253,-20.0,18.0,29.5,12.6,1.11
299,300.0,1.0,41.0,30.23785153155772,-88.87634539890041,-20.0,138.0,30.7,11.0,1.34
300,301.0,1.0,41.0,30.23785153155772,-88.87634539890041,-20.0,118.0,23.1,30.4,1.66
301,302.0,1.0,41.0,30.23785153155772,-88.87634539890041,-20.0,98.0,15.6,18.9,1.62
302,303.0,1.0,41.0,30.23785153155772,-88.87634539890041,-20.0,78.0,24.0,18.4,1.6
304,305.0,1.0,41.0,30.23785153155772,-88.87634539890041,-20.0,38.0,109.9,24.0,0.77
306,307.0,1.0,42.0,30.240520964617918,-88.23751199311178,-20.0,138.0,9.7,26.6,1.64
307,308.0,1.0,42.0,30.240520964617918,-88.23751199311178,-20.0,118.0,40.6,15.3,0.94
308,309.0,1.0,42.0,30.240520964617918,-88.23751199311178,-20.0,98.0,28.6,28.6,1.62
309,310.0,1.0,42.0,30.240520964617918,-88.23751199311178,-20.0,78.0,61.2,35.2,1.19
338,339.0,1.0,46.0,29.206651586632375,-94.93,0.0,88.0,40.9,25.3,0.95
346,347.0,1.0,47.0,29.575443775078718,-94.32,0.0,88.0,68.0,20.6,0.95
348,349.0,1.0,47.0,29.575443775078718,-94.32,0.0,48.0,62.3,26.7,1.03
363,364.0,1.0,49.0,29.75360343078662,-93.10000000000001,0.0,68.0,74.1,15.4,1.28
364,365.0,1.0,49.0,29.75360343078662,-93.10000000000001,0.0,48.0,56.0,11.7,1.08
371,372.0,1.0,50.0,29.56527409124056,-92.49,0.0,68.0,58.6,20.5,1.41
373,374.0,1.0,50.0,29.56527409124056,-92.49,0.0,28.0,90.9,9.7,0.85
375,376.0,1.0,51.0,29.496170452094823,-91.88,0.0,148.0,22.5,33.0,1.67
378,379.0,1.0,51.0,29.496170452094823,-91.88,0.0,88.0,13.2,33.2,1.71
379,380.0,1.0,51.0,29.496170452094823,-91.88,0.0,68.0,39.7,21.1,1.35
380,381.0,1.0,51.0,29.496170452094823,-91.88,0.0,48.0,19.6,8.6,1.23
381,382.0,1.0,51.0,29.496170452094823,-91.88,0.0,28.0,80.8,10.8,1.01
382,383.0,1.0,51.0,29.496170452094823,-91.88,0.0,8.0,64.1,16.2,1.08
384,385.0,1.0,52.0,29.24523348986443,-91.27,0.0,128.0,24.8,16.2,1.48
385,386.0,1.0,52.0,29.24523348986443,-91.27,0.0,108.0,20.5,13.4,1.53
386,387.0,1.0,52.0,29.24523348986443,-91.27,0.0,88.0,23.8,23.8,1.3
387,388.0,1.0,52.0,29.24523348986443,-91.27,0.0,68.0,86.2,18.9,0.93
391,392.0,1.0,53.0,29.06727786888826,-90.65999999999998,0.0,148.0,8.3,16.4,1.78
392,393.0,1.0,53.0,29.06727786888826,-90.65999999999998,0.0,128.0,40.2,19.8,1.02
393,394.0,1.0,53.0,29.06727786888826,-90.65999999999998,0.0,108.0,48.0,10.9,1.04
395,396.0,1.0,53.0,29.06727786888826,-90.65999999999998,0.0,68.0,45.8,11.0,1.14
397,398.0,1.0,53.0,29.06727786888826,-90.65999999999998,0.0,28.0,19.9,12.9,1.3
398,399.0,1.0,53.0,29.06727786888826,-90.65999999999998,0.0,8.0,130.5,15.4,0.67
399,400.0,1.0,54.0,29.195898232268753,-90.04999999999998,0.0,148.0,13.9,24.2,1.49
400,401.0,1.0,54.0,29.195898232268753,-90.04999999999998,0.0,128.0,19.8,25.9,1.28
401,402.0,1.0,54.0,29.195898232268753,-90.04999999999998,0.0,108.0,44.0,34.0,0.95
403,404.0,1.0,54.0,29.195898232268753,-90.04999999999998,0.0,68.0,31.3,9.7,1.56
404,405.0,1.0,54.0,29.195898232268753,-90.04999999999998,0.0,48.0,52.0,13.7,1.05
405,406.0,1.0,54.0,29.195898232268753,-90.04999999999998,0.0,28.0,115.6,16.6,0.67
406,407.0,1.0,54.0,29.195898232268753,-90.04999999999998,0.0,8.0,49.1,25.4,1.37
411,412.0,1.0,55.0,29.65878224752458,-89.44,0.0,68.0,16.2,23.0,1.66
412,413.0,1.0,55.0,29.65878224752458,-89.44,0.0,48.0,92.5,22.1,1.25
413,414.0,1.0,55.0,29.65878224752458,-89.44,0.0,28.0,31.8,25.6,1.33
415,416.0,1.0,56.0,30.249364008858553,-88.83000000000001,0.0,148.0,8.8,10.6,1.75
417,418.0,1.0,56.0,30.249364008858553,-88.83000000000001,0.0,108.0,57.9,18.8,1.09
422,423.0,1.0,56.0,30.249364008858553,-88.83000000000001,0.0,8.0,92.5,23.5,1.09
424,425.0,1.0,57.0,30.24232462279611,-88.22000000000001,0.0,128.0,22.8,10.8,1.3
426,427.0,1.0,57.0,30.24232462279611,-88.22000000000001,0.0,88.0,27.9,16.8,1.62
429,430.0,1.0,57.0,30.24232462279611,-88.22000000000001,0.0,28.0,99.1,14.9,0.69
430,431.0,1.0,57.0,30.24232462279611,-88.22000000000001,0.0,8.0,41.4,12.9,1.04
456,457.0,1.0,61.0,29.061844145771868,-95.14086825224308,20.0,98.0,43.9,21.2,1.07
463,464.0,1.0,62.0,29.588327648106322,-94.28651736014633,20.0,98.0,45.5,21.8,1.04
465,466.0,1.0,62.0,29.588327648106322,-94.28651736014633,20.0,58.0,48.3,16.8,1.26
473,474.0,1.0,63.0,29.759268572078753,-93.58030593456064,20.0,38.0,74.1,16.7,0.99
478,479.0,1.0,64.0,29.715452191394633,-92.96771095404281,20.0,78.0,56.7,15.8,1.18
481,482.0,1.0,64.0,29.715452191394633,-92.96771095404281,20.0,18.0,83.8,14.8,1.0
482,483.0,1.0,65.0,29.547800792035527,-92.39673277418485,20.0,138.0,8.7,16.6,1.4
483,484.0,1.0,65.0,29.547800792035527,-92.39673277418485,20.0,118.0,48.6,13.7,0.97
484,485.0,1.0,65.0,29.547800792035527,-92.39673277418485,20.0,98.0,32.6,42.8,1.19
485,486.0,1.0,65.0,29.547800792035527,-92.39673277418485,20.0,78.0,50.9,13.0,1.31
486,487.0,1.0,65.0,29.547800792035527,-92.39673277418485,20.0,58.0,21.2,11.2,1.3
488,489.0,1.0,65.0,29.547800792035527,-92.39673277418485,20.0,18.0,138.6,16.0,0.61
489,490.0,1.0,66.0,29.49083434158063,-91.7932201479847,20.0,138.0,18.7,21.6,1.67
490,491.0,1.0,66.0,29.49083434158063,-91.7932201479847,20.0,118.0,21.1,36.5,1.63
492,493.0,1.0,66.0,29.49083434158063,-91.7932201479847,20.0,78.0,33.4,11.2,1.28
493,494.0,1.0,66.0,29.49083434158063,-91.7932201479847,20.0,58.0,66.7,21.6,1.09
494,495.0,1.0,66.0,29.49083434158063,-91.7932201479847,20.0,38.0,23.8,30.3,1.36
495,496.0,1.0,66.0,29.49083434158063,-91.7932201479847,20.0,18.0,113.2,14.4,0.86
496,497.0,1.0,67.0,29.24222060512948,-91.25719094264865,20.0,138.0,23.2,12.1,1.27
498,499.0,1.0,67.0,29.24222060512948,-91.25719094264865,20.0,98.0,59.1,37.7,1.02
501,502.0,1.0,67.0,29.24222060512948,-91.25719094264865,20.0,38.0,64.1,9.2,1.2
502,503.0,1.0,67.0,29.24222060512948,-91.25719094264865,20.0,18.0,72.4,21.5,1.11
503,504.0,1.0,68.0,29.05682611015589,-90.70291559230284,20.0,138.0,17.3,33.2,1.73
505,506.0,1.0,68.0,29.05682611015589,-90.70291559230284,20.0,98.0,34.8,22.5,1.31
506,507.0,1.0,68.0,29.05682611015589,-90.70291559230284,20.0,78.0,16.2,14.4,1.47
508,509.0,1.0,68.0,29.05682611015589,-90.70291559230284,20.0,38.0,45.8,8.8,1.05
509,510.0,1.0,68.0,29.05682611015589,-90.70291559230284,20.0,18.0,67.4,25.5,1.09
511,512.0,1.0,69.0,29.225408395092206,-90.00519995309696,20.0,118.0,31.3,20.5,1.56
512,513.0,1.0,69.0,29.225408395092206,-90.00519995309696,20.0,98.0,20.5,20.0,1.7
513,514.0,1.0,69.0,29.225408395092206,-90.00519995309696,20.0,78.0,38.6,25.2,1.37
515,516.0,1.0,69.0,29.225408395092206,-90.00519995309696,20.0,38.0,98.7,16.2,1.13
516,517.0,1.0,69.0,29.225408395092206,-90.00519995309696,20.0,18.0,47.9,10.5,1.05
518,519.0,1.0,70.0,30.21553354170391,-88.96196827050039,20.0,118.0,45.2,12.2,1.01
519,520.0,1.0,70.0,30.21553354170391,-88.96196827050039,20.0,98.0,23.1,12.2,1.35
520,521.0,1.0,70.0,30.21553354170391,-88.96196827050039,20.0,78.0,58.8,23.1,1.17
522,523.0,1.0,70.0,30.21553354170391,-88.96196827050039,20.0,38.0,47.6,19.1,1.28
526,527.0,1.0,71.0,30.228886276627172,-88.32323883176934,20.0,98.0,41.0,15.6,0.98
527,528.0,1.0,71.0,30.228886276627172,-88.32323883176934,20.0,78.0,69.5,13.5,1.16
528,529.0,1.0,71.0,30.228886276627172,-88.32323883176934,20.0,58.0,46.5,27.7,1.23
529,530.0,1.0,71.0,30.228886276627172,-88.32323883176934,20.0,38.0,20.6,17.6,1.28
530,531.0,1.0,71.0,30.228886276627172,-88.32323883176934,20.0,18.0,90.5,10.8,0.88
549,550.0,1.0,74.0,29.680808406119283,-93.96921991147399,40.0,68.0,99.5,16.4,0.91
561,562.0,1.0,76.0,29.56600128041482,-92.49421699481917,40.0,148.0,15.6,26.5,1.6
562,563.0,1.0,76.0,29.56600128041482,-92.49421699481917,40.0,128.0,12.1,25.2,1.55
563,564.0,1.0,76.0,29.56600128041482,-92.49421699481917,40.0,108.0,45.9,31.5,1.05
564,565.0,1.0,76.0,29.56600128041482,-92.49421699481917,40.0,88.0,38.2,11.4,1.52
565,566.0,1.0,76.0,29.56600128041482,-92.49421699481917,40.0,68.0,44.2,38.6,1.22
567,568.0,1.0,76.0,29.56600128041482,-92.49421699481917,40.0,28.0,26.6,11.5,1.35
568,569.0,1.0,76.0,29.56600128041482,-92.49421699481917,40.0,8.0,96.3,8.3,0.72
569,570.0,1.0,77.0,29.49230543570234,-91.7719576755323,40.0,148.0,18.5,46.5,1.3
572,573.0,1.0,77.0,29.49230543570234,-91.7719576755323,40.0,88.0,52.1,9.6,0.94
573,574.0,1.0,77.0,29.49230543570234,-91.7719576755323,40.0,68.0,26.1,9.3,1.33
575,576.0,1.0,77.0,29.49230543570234,-91.7719576755323,40.0,28.0,84.0,26.6,0.96
577,578.0,1.0,78.0,29.23577451169088,-91.22978585157786,40.0,148.0,12.0,13.4,1.37
578,579.0,1.0,78.0,29.23577451169088,-91.22978585157786,40.0,128.0,30.0,11.3,1.29
579,580.0,1.0,78.0,29.23577451169088,-91.22978585157786,40.0,108.0,22.0,17.7,1.27
584,585.0,1.0,78.0,29.23577451169088,-91.22978585157786,40.0,8.0,45.2,22.0,1.34
585,586.0,1.0,79.0,29.080702213781574,-90.58990812402142,40.0,148.0,9.8,30.9,1.37
588,589.0,1.0,79.0,29.080702213781574,-90.58990812402142,40.0,88.0,32.2,19.5,1.42
589,590.0,1.0,79.0,29.080702213781574,-90.58990812402142,40.0,68.0,52.7,29.8,1.14
590,591.0,1.0,79.0,29.080702213781574,-90.58990812402142,40.0,48.0,44.8,12.9,1.35
591,592.0,1.0,79.0,29.080702213781574,-90.58990812402142,40.0,28.0,87.3,30.7,1.19
592,593.0,1.0,79.0,29.080702213781574,-90.58990812402142,40.0,8.0,21.5,26.6,1.45
595,596.0,1.0,80.0,30.234119989862055,-88.71131903559106,40.0,108.0,39.2,12.9,1.5
596,597.0,1.0,80.0,30.234119989862055,-88.71131903559106,40.0,88.0,16.1,12.9,1.44
598,599.0,1.0,80.0,30.234119989862055,-88.71131903559106,40.0,48.0,77.8,20.3,1.14
599,600.0,1.0,80.0,30.234119989862055,-88.71131903559106,40.0,28.0,37.0,23.1,1.2
600,601.0,1.0,80.0,30.234119989862055,-88.71131903559106,40.0,8.0,55.3,13.2,1.09
603,604.0,1.0,81.0,30.225469068137045,-87.92468868130652,40.0,108.0,28.4,14.5,1.27
605,606.0,1.0,81.0,30.225469068137045,-87.92468868130652,40.0,68.0,77.6,25.9,1.23
606,607.0,1.0,81.0,30.225469068137045,-87.92468868130652,40.0,48.0,25.6,22.8,1.48
607,608.0,1.0,81.0,30.225469068137045,-87.92468868130652,40.0,28.0,62.6,23.9,1.05
608,609.0,1.0,81.0,30.225469068137045,-87.92468868130652,40.0,8.0,79.6,8.9,1.08
609,610.0,1.0,82.0,30.350141249720927,-87.03860318621001,40.0,148.0,11.8,21.4,1.74
610,611.0,1.0,82.0,30.350141249720927,-87.03860318621001,40.0,128.0,26.3,19.2,1.37
611,612.0,1.0,82.0,30.350141249720927,-87.03860318621001,40.0,108.0,27.6,29.5,1.6
612,613.0,1.0,82.0,30.350141249720927,-87.03860318621001,40.0,88.0,18.0,22.5,1.34
613,614.0,1.0,82.0,30.350141249720927,-87.03860318621001,40.0,68.0,71.0,13.1,1.21
616,617.0,1.0,82.0,30.350141249720927,-87.03860318621001,40.0,8.0,122.3,30.0,0.95
617,618.0,1.0,83.0,29.53706144390979,-92.34580905667056,60.0,138.0,22.6,37.1,1.4
618,619.0,1.0,83.0,29.53706144390979,-92.34580905667056,60.0,118.0,11.8,26.8,1.5
619,620.0,1.0,83.0,29.53706144390979,-92.34580905667056,60.0,98.0,39.6,11.7,1.49
620,621.0,1.0,83.0,29.53706144390979,-92.34580905667056,60.0,78.0,37.3,21.8,1.22
621,622.0,1.0,83.0,29.53706144390979,-92.34580905667056,60.0,58.0,89.7,20.4,1.11
622,623.0,1.0,83.0,29.53706144390979,-92.34580905667056,60.0,38.0,19.0,11.0,1.56
623,624.0,1.0,83.0,29.53706144390979,-92.34580905667056,60.0,18.0,38.4,26.6,1.44
624,625.0,1.0,84.0,29.419046082819584,-91.34088320121309,60.0,138.0,11.5,24.3,1.54
625,626.0,1.0,84.0,29.419046082819584,-91.34088320121309,60.0,118.0,33.4,40.1,1.32
626,627.0,1.0,84.0,29.419046082819584,-91.34088320121309,60.0,98.0,18.9,30.6,1.4
627,628.0,1.0,84.0,29.419046082819584,-91.34088320121309,60.0,78.0,45.9,9.4,1.35
628,629.0,1.0,84.0,29.419046082819584,-91.34088320121309,60.0,58.0,78.0,12.8,1.13
629,630.0,1.0,84.0,29.419046082819584,-91.34088320121309,60.0,38.0,59.6,25.7,1.21
631,632.0,1.0,85.0,29.047057144104993,-90.86345001158192,60.0,138.0,9.4,48.6,1.75
632,633.0,1.0,85.0,29.047057144104993,-90.86345001158192,60.0,118.0,42.7,16.4,0.95
633,634.0,1.0,85.0,29.047057144104993,-90.86345001158192,60.0,98.0,24.0,23.8,1.36
634,635.0,1.0,85.0,29.047057144104993,-90.86345001158192,60.0,78.0,13.0,26.0,1.73
637,638.0,1.0,85.0,29.047057144104993,-90.86345001158192,60.0,18.0,119.8,16.8,0.91
639,640.0,1.0,86.0,30.337873047227003,-87.1045928081517,60.0,118.0,12.9,42.5,1.48
641,642.0,1.0,86.0,30.337873047227003,-87.1045928081517,60.0,78.0,26.2,13.9,1.55
643,644.0,1.0,86.0,30.337873047227003,-87.1045928081517,60.0,38.0,86.4,32.0,1.18
644,645.0,1.0,86.0,30.337873047227003,-87.1045928081517,60.0,18.0,31.2,17.8,1.39
